春秋新飞行员男装长袖衬衫全棉休, 49.00
17秋款男衬衫长袖条纹纯 棉衬, 40.00
【已质检】羽毛刺绣港仔文艺长袖, 45.00
2017秋款时尚英伦印花 长袖, 58.00
2017秋款英伦修身英伦休闲长, 58.00
17秋冬新款男士加绒加厚格子长, 40.00
2017年秋季新款男装长袖衬衫, 40.00
2016秋季新款男装时尚长袖衬, 30.00
2017秋季新款男装牛津纺长袖, 35.00
16新款男装衬衫水洗牛津纺韩版, 35.00
2016秋季新款长袖衬衫日系简, 22.00
17爆款男士加绒牛津纺衬衫时尚, 40.00
2017年青少年修身潮流衬衫1, 35.00
2017青少年青春流行男士方领, 35.00
101A-C062-P30高品, 30.00
2017新款港仔文艺格子长袖衬, 30.00
2017秋装款男士港风格子衬衫, 30.00
主推爆款秋新品男士条纹长袖衬衫, 22.00
17秋季新品时尚立体修身气质衬, 30.00
17秋季新款男士修身韩版潮流时, 25.00
新款 男装港风休闲格子衬衣 男, 30.00
17秋季新款韩版青少年修身时尚, 30.00
17秋季新款韩版青少年修身时尚, 30.00
17秋季新款韩版青少年修身时尚, 30.00
港风假两件宽松袖拼接长袖衬衫男, 55.00
2016长袖立领纯色磨毛盘扣复, 55.00
中国风金属扣装饰立领亚麻长袖衬, 55.00
秋装新款长袖格子衬衫711 C, 33.00
2017新款男士棉麻高品质衬衣, 55.00
CS04加绒P40 韩版衬衣男, 40.00
CS38-加绒F45*2017, 45.00
CS38-F45加厚 冬季男士, 45.00
CS52-F40.* 男装休闲, 40.00
9121-加厚F40*韩版衬衣, 40.00
C912-加绒F45*长期款加, 45.00
9121F25*长期供货 男士, 25.00
CS04-加绒F40*冬男休闲, 40.00
CS04-加绒F40*韩版休闲, 40.00
CS31F35.*长期款秋季新, 35.00
2017秋装新款格子条纹长袖衬, 45.00
男士格子衬衫秋季2017新款原, 45.00
加绒衬衫男长袖保暖冬加厚格子印, 25.00
男士保暖衬衫长袖加绒加厚修身印, 25.00
粗条纹男士衬衫 丝带装饰修身男, 40.00
2017秋季彩条条纹男士衬衫, 40.00
